session_id,num_clicks,num_pages,time,google_analytics_cookie,ip_address,email
1,35,29,6:01:33, GA1.2.155930749.155042807,23.11.140.254,
2,81,95,14:31:41, GA1.2.155221088.155755199,29.11.197.44,
3,108,,3:48:18, GA1.2.155498387.155928493,40.112.205.100,
4,115,,14:31:19, GA1.2.155835635.155070132,142.165.14.113,egowry3@cargocollective.com
5,43,15,6:43:46, GA1.2.155683128.155784937,71.126.235.54,eoulett4@unc.edu
6,75,38,11:17:53, GA1.2.155917763.155267926,200.107.185.4,
7,113,9,12:15:17, GA1.2.155835571.155404413,13.87.224.184,
8,97,43,21:17:29, GA1.2.155567055.155921106,168.179.124.139,
9,94,,13:14:17, GA1.2.155088355.155593684,150.113.146.230,
10,58,83,6:41:36, GA1.2.155250429.155274761,88.142.6.220,
11,25,12,4:06:58, GA1.2.155473957.155868840,172.148.30.76,
12,15,21,8:41:45, GA1.2.155963890.155377268,91.141.213.144,
13,2,16,8:53:14, GA1.2.155560845.155419440,112.255.123.78,
14,,,21:12:31, GA1.2.155612683.155475930,175.15.220.10,mtappingtond@unesco.org
15,86,13,7:30:34, GA1.2.155622703.155054153,76.204.73.219,
16,52,80,11:59:34, GA1.2.155111274.155163537,164.183.201.255,
17,71,76,19:38:39, GA1.2.155329538.155580256,73.143.58.90,
18,14,72,, GA1.2.155974031.155785262,135.69.18.178,
19,58,86,18:13:17, GA1.2.155395106.155505307,193.216.121.62,vgilcristi@walmart.com
20,96,86,4:31:20, GA1.2.155017494.155585540,184.36.179.56,
21,48,60,5:59:16, GA1.2.155514411.155168261,192.153.231.242,
22,48,,9:21:07, GA1.2.155698436.155779453,120.79.190.8,
23,,93,12:02:14, GA1.2.155297435.155655610,153.120.174.221,
24,103,68,18:35:49, GA1.2.155750700.155276216,234.55.251.69,
25,8,25,22:35:19, GA1.2.155119770.155163311,171.24.20.96,evinceo@google.com
26,31,2,12:33:28, GA1.2.155979669.155650690,174.53.126.246,
27,65,5,, GA1.2.155752090.155074955,154.154.248.32,
28,21,6,4:37:38, GA1.2.155595697.155155502,202.110.43.21,
29,41,68,9:00:59, GA1.2.155776830.155147029,140.246.161.220,
30,104,13,13:30:27, GA1.2.155045778.155713904,29.134.226.30,
31,109,18,12:33:08, GA1.2.155134592.155975883,252.136.3.57,
32,94,91,14:16:13, GA1.2.155630258.155559103,97.114.156.35,
33,47,32,18:07:43, GA1.2.155141555.155632343,231.73.149.237,
34,,5,2:42:23, GA1.2.155862176.155364206,242.154.52.181,ksouthwardx@geocities.com
35,84,,12:12:57, GA1.2.155073467.155073725,216.101.149.118,
36,14,72,11:21:09, GA1.2.155607956.155535604,215.144.219.70,
37,121,29,0:57:16, GA1.2.155731973.155200830,58.118.0.236,
38,32,24,5:05:29, GA1.2.155819383.155602221,167.94.34.194,
39,27,51,8:06:31, GA1.2.155057186.155222257,29.84.185.84,
40,91,84,13:58:13, GA1.2.155866970.155156382,1.134.106.219,
41,69,8,7:46:43, GA1.2.155164500.155683952,146.34.7.89,
42,67,63,19:02:46, GA1.2.155128868.155018849,56.153.61.180,
43,58,95,17:27:57, GA1.2.155549806.155591557,143.190.231.152,
44,58,80,19:45:42, GA1.2.155860650.155558691,231.44.158.181,
45,66,13,14:13:53, GA1.2.155102538.155018165,244.249.188.107,
46,48,20,9:01:55, GA1.2.155436448.155440327,147.56.170.76,
47,72,,0:13:30, GA1.2.155478827.155661203,119.2.241.51,
48,52,68,23:09:36, GA1.2.155245064.155852579,236.136.112.227,
49,95,29,12:58:09, GA1.2.155546678.155606346,142.5.178.11,
50,112,57,21:28:35, GA1.2.155214725.155610464,61.51.63.206,
51,110,60,4:53:04, GA1.2.155857894.155864050,91.125.131.141,
52,96,,21:04:03, GA1.2.155952365.155725232,0.56.58.86,
53,121,50,23:21:11, GA1.2.155180802.155536332,163.253.247.240,
54,33,95,15:54:09, GA1.2.155834837.155942285,2.247.5.13,
55,93,69,10:08:13, GA1.2.155926892.155763847,6.218.29.212,
56,43,,2:25:06, GA1.2.155475735.155989643,74.82.133.226,
57,8,39,12:00:19, GA1.2.155849984.155064394,193.160.182.139,
58,105,,9:51:03, GA1.2.155379848.155101975,175.68.11.101,
59,38,7,0:34:28, GA1.2.155398188.155036789,209.206.17.126,
60,40,28,20:21:42, GA1.2.155969344.155292553,174.157.135.99,
61,122,73,6:03:27, GA1.2.155883929.155530653,149.21.189.195,
62,13,90,20:27:13, GA1.2.155967476.155407292,130.205.170.121,
63,32,65,15:05:34, GA1.2.155923134.155991224,37.10.31.137,
64,63,89,21:16:56, GA1.2.155870037.155425052,3.172.147.206,
65,91,28,17:19:34, GA1.2.155512335.155736520,220.89.109.77,
66,25,45,8:41:38, GA1.2.155687670.155624746,42.152.129.112,rdandie1t@intel.com
67,108,74,0:43:39, GA1.2.155371553.155696094,148.77.121.215,
68,22,16,8:14:05, GA1.2.155271853.155655540,9.237.14.212,bmenghi1v@businesswire.com
69,122,69,6:54:35, GA1.2.155241427.155441095,229.162.147.12,
70,122,92,21:56:18, GA1.2.155952430.155827491,217.111.106.123,
71,40,,20:36:02, GA1.2.155572106.155680263,63.136.93.233,thubbart1y@123-reg.co.uk
72,113,52,21:02:44, GA1.2.155803319.155572794,248.169.185.144,
73,80,60,13:29:51, GA1.2.155565460.155215831,33.171.159.149,
74,93,57,10:04:41, GA1.2.155737771.155783987,76.239.68.206,
75,117,7,4:27:52, GA1.2.155150505.155358011,229.97.129.231,
76,80,39,9:14:41, GA1.2.155810305.155599244,149.221.74.211,
77,50,20,19:51:52, GA1.2.155867237.155383852,136.187.178.7,
78,12,45,5:46:55, GA1.2.155012375.155858297,223.48.43.226,
79,107,40,22:59:18, GA1.2.155526102.155085798,161.47.240.54,
80,86,99,0:04:45, GA1.2.155010833.155004916,38.74.98.225,
81,111,61,6:02:13, GA1.2.155487381.155929466,230.123.131.212,ntroop28@hp.com
82,112,45,15:07:28, GA1.2.155196194.155383686,192.133.2.13,tnoulton29@list-manage.com
83,11,68,7:56:32, GA1.2.155071728.155812123,174.114.110.6,
84,81,,19:49:59, GA1.2.155368757.155714320,12.82.148.108,fdollar2b@marketwatch.com
85,33,25,21:22:28, GA1.2.155333387.155503188,181.16.0.165,
86,67,,18:25:22, GA1.2.155296016.155054444,175.109.196.144,
87,26,48,5:19:04, GA1.2.155242769.155388729,215.7.250.44,
88,101,46,21:05:23, GA1.2.155083979.155689577,148.147.35.44,
89,71,13,1:37:48, GA1.2.155246747.155642563,61.165.0.47,
90,73,77,19:14:05, GA1.2.155615339.155804849,3.120.59.54,
91,105,55,, GA1.2.155775177.155348644,55.154.65.164,
92,57,56,0:42:29, GA1.2.155996655.155595371,185.217.55.187,
93,115,46,21:33:09, GA1.2.155485374.155054236,122.46.100.214,
94,112,32,12:56:17, GA1.2.155865395.155548188,35.58.85.50,
95,115,85,0:49:56, GA1.2.155310082.155011932,186.12.164.34,csharvell2m@youku.com
96,81,1,4:30:28, GA1.2.155427067.155432487,163.10.56.70,
97,12,88,16:23:45, GA1.2.155151391.155342554,255.11.79.200,
98,33,,16:49:30, GA1.2.155902727.155920493,172.225.65.198,
99,49,98,1:00:26, GA1.2.155287686.155023287,50.78.49.222,
100,57,,11:16:06, GA1.2.155539600.155085183,238.170.46.167,
101,7,13,22:18:09, GA1.2.155831897.155877932,219.141.235.175,
102,,20,22:55:07, GA1.2.155935531.155457386,244.53.246.43,
103,81,68,12:26:45, GA1.2.155819234.155713788,185.161.232.125,lsopp2u@flavors.me
104,57,51,7:22:01, GA1.2.155353695.155678273,46.41.132.153,
105,10,35,21:00:14, GA1.2.155925287.155999364,177.118.220.187,
106,36,,2:06:32, GA1.2.155241934.155852941,85.90.75.151,
107,70,39,18:33:08, GA1.2.155466337.155972954,122.165.123.241,
108,116,26,13:49:24, GA1.2.155141665.155533670,206.29.167.182,mcarling2z@joomla.org
109,99,29,23:37:44, GA1.2.155892718.155298643,131.212.96.195,
110,10,,22:23:29, GA1.2.155897646.155304476,48.198.100.142,
111,119,92,15:17:05, GA1.2.155230027.155768924,204.35.140.160,
112,,5,15:58:22, GA1.2.155579792.155756943,117.26.59.77,
113,118,56,4:23:36, GA1.2.155533071.155690887,22.210.250.56,
114,43,14,13:10:17, GA1.2.155423089.155718397,82.128.180.3,
115,27,97,, GA1.2.155775984.155423423,145.35.127.178,
116,100,3,4:57:25, GA1.2.155794876.155790008,103.182.238.206,
117,22,27,23:58:39, GA1.2.155109185.155833757,126.181.234.184,
118,67,82,10:16:11, GA1.2.155236439.155579269,134.107.92.230,ecosslett39@sourceforge.net
119,63,19,14:04:30, GA1.2.155015733.155132615,224.143.123.15,
120,51,80,13:42:12, GA1.2.155609817.155334863,80.177.63.96,bbortolutti3b@csmonitor.com
121,41,90,23:39:00, GA1.2.155625148.155684140,154.74.187.181,
122,121,13,14:35:28, GA1.2.155801911.155683345,87.202.35.73,
123,31,86,20:48:32, GA1.2.155882366.155330367,40.177.7.100,
124,16,,6:37:00, GA1.2.155026014.155005670,141.226.116.113,
125,90,80,21:41:09, GA1.2.155235130.155740317,234.253.175.139,
126,87,17,16:05:34, GA1.2.155321159.155064046,157.37.162.75,
127,82,88,14:50:19, GA1.2.155287902.155051855,121.142.20.203,
128,32,8,11:23:17, GA1.2.155475844.155407915,195.164.156.90,
129,62,32,3:15:37, GA1.2.155875683.155220175,216.138.253.190,
130,87,16,12:08:37, GA1.2.155694778.155129076,165.24.156.34,
131,111,6,0:52:00, GA1.2.155660429.155956081,246.66.138.235,ccurle3m@earthlink.net
132,49,57,5:37:14, GA1.2.155885969.155833890,53.96.245.206,
133,17,20,17:47:05, GA1.2.155820016.155837821,66.236.107.190,
134,99,6,21:56:15, GA1.2.155561209.155646757,118.227.14.72,
135,123,47,21:32:45, GA1.2.155806051.155502960,206.11.66.109,
136,91,,6:21:51, GA1.2.155078767.155112750,135.4.102.207,
137,,85,2:41:29, GA1.2.155622940.155964835,91.27.57.80,ctoleman3s@dailymail.co.uk
138,13,38,5:40:41, GA1.2.155826031.155634096,128.200.178.20,
139,30,34,13:41:25, GA1.2.155252923.155798953,209.194.238.212,
140,36,81,13:14:21, GA1.2.155990076.155838915,255.215.102.43,
141,,96,9:56:26, GA1.2.155631849.155346239,2.238.188.223,
142,18,32,7:53:19, GA1.2.155201365.155914843,188.75.171.170,
143,56,17,12:57:24, GA1.2.155646440.155961557,232.80.199.87,
144,40,2,8:51:04, GA1.2.155664715.155610760,253.27.194.103,
145,86,5,2:17:15, GA1.2.155772610.155504161,42.199.42.87,
146,3,,5:32:23, GA1.2.155433610.155033027,183.137.146.185,
147,46,,15:42:58, GA1.2.155674645.155144304,181.236.106.72,
148,1,29,12:15:14, GA1.2.155464610.155084877,28.187.220.165,
149,66,24,20:51:35, GA1.2.155913305.155732424,236.58.180.0,
150,120,5,4:14:39, GA1.2.155066427.155317038,148.133.228.4,
151,23,24,21:13:35, GA1.2.155598658.155029567,154.125.118.135,
152,50,65,, GA1.2.155338539.155834512,5.205.198.64,
153,22,34,21:48:42, GA1.2.155844965.155070411,153.27.100.94,
154,26,7,1:46:48, GA1.2.155851196.155521129,122.173.34.144,
155,103,11,5:35:29, GA1.2.155671219.155715245,246.87.66.91,
156,8,37,22:35:39, GA1.2.155245354.155847903,246.61.60.34,
157,90,98,6:09:02, GA1.2.155094329.155383186,113.182.164.110,eroscamps4c@newsvine.com
158,90,81,15:13:25, GA1.2.155392151.155378708,130.112.26.174,
159,11,40,14:01:31, GA1.2.155363543.155281966,18.139.25.47,
160,122,31,20:55:35, GA1.2.155597076.155566725,171.170.136.136,
161,110,53,16:26:32, GA1.2.155280021.155112874,225.246.9.197,
162,122,70,14:50:20, GA1.2.155887473.155142302,116.167.5.5,
163,28,25,7:54:42, GA1.2.155886789.155689655,29.57.96.194,
164,111,30,20:48:42, GA1.2.155750484.155143864,57.133.98.112,
165,114,99,0:19:37, GA1.2.155148358.155213362,13.198.50.181,
166,70,99,21:57:22, GA1.2.155174390.155637750,183.87.36.223,
167,53,31,14:01:05, GA1.2.155766682.155415062,158.239.58.254,
168,82,80,22:22:57, GA1.2.155434610.155556336,181.211.138.132,
169,104,80,20:35:15, GA1.2.155638657.155345564,131.150.194.235,
170,87,41,6:23:31, GA1.2.155317029.155152362,69.88.30.231,
171,12,59,21:11:15, GA1.2.155604274.155178153,250.200.186.234,
172,3,82,9:38:34, GA1.2.155061471.155143580,175.140.209.247,jlempertz4r@merriam-webster.com
173,122,62,15:18:18, GA1.2.155762636.155080838,161.26.188.85,
174,109,48,10:39:11, GA1.2.155036901.155898738,7.235.130.152,
175,115,27,18:37:52, GA1.2.155927597.155860512,26.4.163.221,
176,115,11,2:06:51, GA1.2.155482582.155658473,92.128.88.81,
177,37,18,20:15:51, GA1.2.155415097.155672886,200.163.240.198,
178,93,18,16:24:37, GA1.2.155809892.155862881,133.92.62.157,
179,75,,5:54:58, GA1.2.155498575.155476020,10.249.231.250,
180,119,93,18:52:59, GA1.2.155456924.155769786,26.223.3.11,
181,34,73,10:38:39, GA1.2.155965935.155634995,191.224.200.3,
182,11,7,18:14:53, GA1.2.155514534.155483769,154.81.97.16,
183,53,52,10:26:46, GA1.2.155101937.155684182,216.99.193.121,
184,81,41,4:04:00, GA1.2.155362812.155961276,150.216.189.63,
185,22,87,, GA1.2.155093040.155615399,38.50.129.176,
186,91,21,16:06:35, GA1.2.155941570.155098149,144.118.251.8,
187,57,14,18:43:52, GA1.2.155674052.155731531,163.2.24.74,
188,88,3,20:42:05, GA1.2.155186196.155211206,132.91.94.142,
189,21,7,20:43:56, GA1.2.155568458.155307721,233.20.194.91,
190,105,63,10:25:31, GA1.2.155722645.155948358,210.114.193.229,
191,117,57,8:35:28, GA1.2.155793416.155444212,206.177.172.230,
192,85,27,3:24:12, GA1.2.155505405.155751908,170.11.13.203,
193,11,9,3:49:11, GA1.2.155108292.155884845,66.186.50.39,
194,123,44,3:48:15, GA1.2.155780293.155960407,128.131.199.249,
195,84,14,2:38:17, GA1.2.155001757.155949435,60.211.36.21,
196,27,94,12:00:36, GA1.2.155177125.155567696,104.172.166.236,
197,53,21,23:29:36, GA1.2.155671684.155985466,54.130.185.138,
198,64,29,15:13:29, GA1.2.155524288.155165775,246.43.12.85,
199,118,6,12:24:02, GA1.2.155510025.155907439,156.218.115.25,zjoderli5i@who.int
200,123,19,3:21:31, GA1.2.155375664.155097858,4.111.157.209,alott5j@google.com.br
201,42,,, GA1.2.155460297.155644639,88.44.157.4,
202,90,24,2:02:46, GA1.2.155462481.155350330,139.190.18.41,
203,45,6,6:29:34, GA1.2.155794381.155739912,62.37.189.249,
204,113,27,13:11:38, GA1.2.155843882.155215897,78.104.13.214,
205,93,78,18:31:50, GA1.2.155894137.155878361,253.46.218.23,
206,110,87,15:45:00, GA1.2.155054438.155288182,195.196.24.6,bshearman5p@senate.gov
207,27,93,16:56:46, GA1.2.155261248.155750283,201.210.10.72,
208,9,23,23:32:56, GA1.2.155739802.155020019,229.200.63.19,
209,106,,6:31:23, GA1.2.155379862.155477133,150.83.97.202,
210,30,,19:40:21, GA1.2.155609118.155200736,5.75.210.173,
211,98,29,13:03:20, GA1.2.155398778.155893747,61.46.125.139,
212,85,50,17:08:17, GA1.2.155235348.155977652,228.139.98.224,
213,113,30,9:34:44, GA1.2.155850128.155202809,181.96.69.201,
214,62,2,10:25:40, GA1.2.155946805.155479532,74.104.203.214,
215,,27,0:20:47, GA1.2.155844931.155861723,9.52.98.134,waveline5y@studiopress.com
216,75,12,21:22:47, GA1.2.155127213.155898533,96.139.6.36,
217,101,7,5:09:55, GA1.2.155543440.155350545,178.96.174.74,
218,42,83,0:31:47, GA1.2.155798494.155009673,79.201.192.50,
219,61,64,, GA1.2.155918717.155476165,157.217.247.170,
220,65,,17:38:21, GA1.2.155108393.155132083,171.104.105.132,
221,80,,1:20:33, GA1.2.155415148.155691148,163.193.208.3,
222,39,31,, GA1.2.155382254.155613102,36.206.37.26,
223,93,61,15:21:32, GA1.2.155151646.155330012,29.46.42.146,
224,56,79,2:38:56, GA1.2.155102579.155368809,74.182.219.20,
225,57,57,22:51:22, GA1.2.155969139.155380720,39.120.171.29,
226,37,38,16:51:52, GA1.2.155071038.155416352,161.132.147.47,
227,,74,4:56:33, GA1.2.155437096.155520551,224.249.200.17,
228,24,65,7:36:56, GA1.2.155724052.155630481,254.117.203.29,
229,2,78,5:09:31, GA1.2.155418767.155982148,22.163.199.246,
230,11,1,2:15:34, GA1.2.155333384.155425288,148.74.230.96,
231,26,87,14:10:42, GA1.2.155787966.155634393,9.112.113.74,
232,89,,17:29:12, GA1.2.155144670.155270433,128.55.124.141,
233,110,87,21:20:35, GA1.2.155442175.155764925,255.107.53.232,
234,50,77,18:31:59, GA1.2.155412785.155225316,155.211.34.230,vrennels6h@1688.com
235,6,6,23:28:41, GA1.2.155294785.155682734,122.111.71.158,
236,46,33,20:13:34, GA1.2.155365190.155470483,254.39.103.168,
237,6,47,15:13:56, GA1.2.155665140.155768412,33.233.141.117,
238,110,27,2:54:59, GA1.2.155926748.155798077,10.243.133.60,
239,40,62,0:51:00, GA1.2.155528753.155449487,51.155.239.66,
240,115,18,12:06:27, GA1.2.155431127.155717031,28.179.161.25,
241,84,62,23:08:59, GA1.2.155415625.155286772,15.85.155.255,
242,53,67,12:27:33, GA1.2.155337891.155631267,218.85.153.11,ccourtney6p@livejournal.com
243,123,80,5:43:19, GA1.2.155427639.155718471,167.41.191.85,
244,,7,23:29:04, GA1.2.155451179.155270857,172.40.250.239,
245,74,64,18:13:47, GA1.2.155395192.155702990,175.47.197.177,
246,98,,4:15:17, GA1.2.155506602.155671264,190.190.64.196,
247,49,35,20:56:52, GA1.2.155379398.155422365,77.185.15.143,
248,107,,23:26:11, GA1.2.155483486.155970296,181.81.8.223,
249,64,5,20:35:58, GA1.2.155863429.155455408,101.55.158.222,
250,4,56,21:45:48, GA1.2.155214010.155843733,11.50.244.25,
251,120,5,16:25:34, GA1.2.155618510.155720898,136.150.55.237,nkelshaw6y@comsenz.com
252,23,26,6:50:50, GA1.2.155305069.155931413,77.102.243.233,
253,14,45,18:16:06, GA1.2.155800892.155938165,127.208.157.124,
254,33,5,8:17:26, GA1.2.155637208.155343782,62.15.163.36,
255,88,94,12:48:33, GA1.2.155435045.155112900,220.240.153.65,
256,89,43,5:42:51, GA1.2.155561130.155014977,145.97.111.246,
257,96,36,14:51:39, GA1.2.155306357.155601654,147.166.87.208,
258,56,,14:21:50, GA1.2.155771650.155385567,55.39.175.29,
259,65,23,20:31:51, GA1.2.155052180.155753145,130.65.116.224,
260,105,92,1:34:15, GA1.2.155771270.155157893,80.142.17.251,
261,54,93,6:46:09, GA1.2.155715823.155406983,8.206.119.79,
262,45,31,7:47:48, GA1.2.155787936.155703204,242.250.238.170,dlinton79@dell.com
263,16,87,8:06:00, GA1.2.155293465.155816963,46.61.46.91,
264,81,2,12:40:02, GA1.2.155790537.155370396,99.176.18.35,
265,23,87,16:34:52, GA1.2.155617325.155210387,105.1.215.52,igarmey7c@amazonaws.com
266,96,,, GA1.2.155792823.155702543,235.203.136.70,
267,37,40,7:20:28, GA1.2.155680709.155529895,95.252.224.247,
268,123,33,18:44:43, GA1.2.155915559.155208251,143.66.77.68,
269,94,32,18:19:56, GA1.2.155494246.155448824,201.190.189.48,
270,88,47,23:55:53, GA1.2.155213869.155577861,198.210.196.24,
271,66,87,4:59:49, GA1.2.155027600.155636799,188.253.213.92,
272,99,68,6:12:42, GA1.2.155369362.155105350,54.47.174.127,
273,102,14,5:45:54, GA1.2.155955954.155733776,17.198.2.50,
274,12,73,, GA1.2.155206549.155777334,163.248.17.138,
275,114,46,17:20:10, GA1.2.155390691.155868994,141.109.82.106,
276,41,56,9:05:10, GA1.2.155957289.155444387,102.122.41.66,
277,116,32,19:49:31, GA1.2.155785478.155526889,167.235.247.126,
278,13,46,15:17:22, GA1.2.155425851.155678074,86.109.185.107,
279,94,79,2:28:12, GA1.2.155653795.155679680,141.44.105.5,
280,65,67,21:01:14, GA1.2.155790799.155190217,188.222.115.223,
281,111,54,20:25:07, GA1.2.155146621.155869034,114.232.62.131,
282,17,84,16:25:03, GA1.2.155090692.155828637,253.58.57.194,
283,82,26,5:07:02, GA1.2.155754502.155502873,134.111.51.143,
284,96,7,19:01:48, GA1.2.155681903.155723450,168.211.158.173,
285,83,76,7:55:04, GA1.2.155338631.155071557,19.66.163.174,
286,17,19,22:16:28, GA1.2.155699751.155996427,216.18.69.119,
287,105,76,6:28:01, GA1.2.155484205.155950385,236.102.249.176,
288,5,79,8:44:02, GA1.2.155153159.155866282,111.236.147.82,
289,86,39,3:12:02, GA1.2.155378679.155019767,83.70.192.230,
290,22,49,11:07:37, GA1.2.155623172.155890072,254.157.178.165,
291,29,29,12:31:34, GA1.2.155678012.155674713,230.2.67.36,mteodoro82@clickbank.net
292,69,60,9:38:37, GA1.2.155834199.155566280,113.238.197.41,
293,93,32,19:05:32, GA1.2.155005038.155786075,163.202.41.110,
294,94,92,14:14:44, GA1.2.155055502.155807807,47.103.128.168,jsyson85@pinterest.com
295,82,60,12:03:50, GA1.2.155650423.155009929,164.120.254.96,
296,28,,11:34:16, GA1.2.155525006.155557094,59.255.6.88,cmeddick87@ameblo.jp
297,31,38,15:44:34, GA1.2.155517374.155243857,181.188.46.218,
298,105,53,15:20:46, GA1.2.155452355.155956861,172.114.10.70,
299,53,84,9:49:26, GA1.2.155477726.155964371,231.233.106.0,
300,87,65,3:18:38, GA1.2.155383623.155182363,56.73.118.187,
301,4,100,14:33:16, GA1.2.155708508.155098927,215.210.212.213,
302,102,88,12:24:00, GA1.2.155147080.155970516,152.129.10.223,
303,3,39,10:26:53, GA1.2.155167251.155691820,140.167.209.245,
304,19,3,8:18:28, GA1.2.155690253.155173167,227.217.210.20,rstower8f@hostgator.com
305,109,46,, GA1.2.155442995.155323901,106.143.128.127,
306,10,71,10:49:33, GA1.2.155410929.155853791,56.24.215.186,
307,70,93,0:38:55, GA1.2.155628791.155423012,47.40.223.8,
308,113,43,12:04:11, GA1.2.155248846.155288698,111.179.151.78,
309,113,99,2:50:27, GA1.2.155965222.155156312,199.173.7.201,
310,113,49,10:57:09, GA1.2.155706892.155273718,119.111.166.39,
311,10,34,13:19:42, GA1.2.155235838.155477939,12.104.37.194,
312,23,44,22:47:49, GA1.2.155843520.155757797,114.178.228.151,jrittelmeyer8n@cisco.com
313,24,,8:07:16, GA1.2.155125433.155890338,122.196.146.59,
314,78,22,6:15:29, GA1.2.155843784.155128840,182.147.64.85,
315,93,79,13:18:33, GA1.2.155140322.155254900,112.172.38.201,
316,33,84,8:07:55, GA1.2.155269422.155914242,70.57.101.164,
317,16,60,18:24:26, GA1.2.155830790.155816224,105.233.67.164,
318,121,10,, GA1.2.155708112.155427507,252.122.189.169,
319,100,71,7:37:01, GA1.2.155700118.155564755,38.63.136.182,
320,108,94,21:06:16, GA1.2.155027060.155279208,89.188.34.185,
321,2,5,6:11:53, GA1.2.155648409.155141821,5.113.68.57,
322,14,20,0:07:31, GA1.2.155883010.155013961,23.11.11.134,
323,42,98,1:44:06, GA1.2.155000146.155580712,171.25.53.76,
324,20,100,10:55:38, GA1.2.155253423.155744609,62.217.187.52,
325,70,16,20:46:15, GA1.2.155391560.155454510,65.43.32.255,
326,,31,13:13:33, GA1.2.155691712.155067670,118.102.0.61,dquelch91@mapquest.com
327,45,55,13:34:50, GA1.2.155489936.155247968,189.250.5.244,
328,33,56,10:46:06, GA1.2.155960755.155069158,199.182.126.172,
329,59,25,4:50:30, GA1.2.155603171.155835922,224.14.140.67,
330,82,51,4:44:54, GA1.2.155773583.155300124,51.122.44.183,
331,22,32,17:30:24, GA1.2.155871340.155604737,237.213.17.197,mcocklie96@umich.edu
332,123,8,5:50:07, GA1.2.155886183.155486765,88.168.29.62,
333,92,37,5:24:05, GA1.2.155001825.155020936,8.106.97.252,
334,119,69,5:15:01, GA1.2.155665463.155491493,87.233.1.118,
335,41,98,16:42:27, GA1.2.155672581.155215102,150.195.192.121,
336,92,84,10:57:32, GA1.2.155743175.155471684,122.17.89.5,
337,111,,22:50:52, GA1.2.155764244.155894401,67.222.202.103,
338,45,11,5:39:20, GA1.2.155271791.155341220,50.41.123.3,lguidera9d@domainmarket.com
339,32,54,18:48:26, GA1.2.155287769.155526700,213.183.240.25,
340,40,10,15:30:51, GA1.2.155438823.155063570,44.66.208.140,rpickless9f@google.com.au
341,33,69,19:29:23, GA1.2.155645925.155447467,158.171.73.117,
342,23,54,20:26:21, GA1.2.155022975.155249696,85.131.187.73,
343,69,89,2:29:47, GA1.2.155013186.155974882,146.141.196.124,
344,44,30,18:48:24, GA1.2.155178582.155213786,189.238.118.34,
345,63,48,3:17:32, GA1.2.155832171.155566270,232.19.91.10,
346,43,63,7:58:07, GA1.2.155945175.155253076,75.58.137.163,
347,46,70,14:01:44, GA1.2.155327972.155011415,187.45.91.198,
348,63,6,23:34:36, GA1.2.155217992.155926932,35.200.86.130,
349,1,1,4:46:44, GA1.2.155696409.155007526,129.118.123.246,gyegorkov9o@cloudflare.com
350,97,22,11:43:39, GA1.2.155962113.155172907,214.87.5.129,
351,12,28,6:55:15, GA1.2.155442401.155373356,11.75.91.20,dmallya9q@opensource.org
352,20,84,10:59:57, GA1.2.155043046.155590175,227.133.25.22,acolson9r@comcast.net
353,4,19,2:31:13, GA1.2.155500399.155504159,69.152.231.211,
354,78,17,18:15:08, GA1.2.155091582.155408067,167.77.194.223,
355,4,88,23:04:25, GA1.2.155403509.155160468,94.166.187.117,
356,79,,22:57:51, GA1.2.155830969.155099491,206.2.164.101,
357,31,34,1:26:51, GA1.2.155846123.155761998,18.195.231.13,
358,16,2,20:08:30, GA1.2.155698010.155665566,235.253.27.137,
359,91,98,9:06:26, GA1.2.155505994.155010861,31.61.122.34,
360,9,58,1:50:59, GA1.2.155864523.155159263,41.0.232.209,jjosipovitz9z@youtu.be
361,18,,23:19:38, GA1.2.155253905.155446648,162.248.229.161,
362,118,94,8:44:48, GA1.2.155984280.155526108,171.74.221.168,
363,46,96,16:22:23, GA1.2.155922130.155103257,10.208.33.207,bqusklaya2@weather.com
364,47,20,13:46:54, GA1.2.155443842.155118219,174.222.56.55,
365,89,7,18:06:40, GA1.2.155280920.155782116,223.66.128.74,
366,28,79,10:17:45, GA1.2.155379572.155652816,90.23.119.222,
367,70,24,6:20:02, GA1.2.155934524.155940841,237.99.108.249,
368,63,30,16:15:15, GA1.2.155493422.155762657,106.158.38.214,
369,3,65,13:43:48, GA1.2.155280054.155450985,178.244.152.229,dkewarda8@tripadvisor.com
370,12,81,0:52:55, GA1.2.155909498.155500465,159.106.248.5,
371,24,94,1:21:09, GA1.2.155097780.155361844,5.33.101.9,bcrosonaa@msu.edu
372,109,,18:52:56, GA1.2.155682940.155470536,146.253.157.52,
373,113,72,3:53:20, GA1.2.155026140.155414613,126.220.253.167,
374,81,,, GA1.2.155613282.155772081,198.126.157.251,
375,64,84,3:11:11, GA1.2.155917931.155956831,149.241.62.206,
376,95,24,15:06:41, GA1.2.155236147.155637515,211.132.213.127,
377,41,33,4:14:20, GA1.2.155148682.155905367,118.228.89.254,
378,5,17,3:47:28, GA1.2.155132833.155497367,91.48.99.200,
379,121,73,17:02:29, GA1.2.155969797.155110849,46.214.229.120,
380,,90,22:44:57, GA1.2.155282306.155644650,165.24.48.72,
381,122,27,21:47:41, GA1.2.155717975.155622890,227.184.63.198,chedgeak@instagram.com
382,90,72,16:20:02, GA1.2.155875836.155537048,100.178.83.2,
383,110,,15:34:12, GA1.2.155194894.155886595,175.82.20.77,
384,107,69,, GA1.2.155127091.155955341,76.252.247.104,
385,48,,22:54:24, GA1.2.155056966.155552802,50.25.63.50,
386,82,,5:25:38, GA1.2.155284743.155623381,184.65.87.43,
387,121,82,2:56:58, GA1.2.155931363.155133529,122.104.8.27,clevettaq@aol.com
388,123,52,2:06:35, GA1.2.155715355.155258576,98.131.251.148,
389,93,47,20:53:19, GA1.2.155920856.155459713,92.66.249.209,
390,75,,18:05:57, GA1.2.155904930.155959770,122.24.159.236,
391,117,89,, GA1.2.155294190.155814415,221.185.60.227,
392,117,95,0:59:57, GA1.2.155160189.155528344,39.31.239.173,hfollosav@godaddy.com
393,14,31,14:17:21, GA1.2.155012452.155769920,82.19.219.162,estennersaw@google.com
394,45,33,0:44:43, GA1.2.155986412.155415904,5.64.26.64,
395,66,,5:33:05, GA1.2.155280723.155134768,150.205.19.36,
396,13,29,21:49:26, GA1.2.155846758.155505310,64.3.101.140,
397,96,,22:30:56, GA1.2.155955410.155456902,189.233.185.83,khagartb0@wix.com
398,39,1,2:29:45, GA1.2.155948316.155402158,164.221.121.177,
399,83,38,2:51:13, GA1.2.155762967.155309424,6.144.103.136,
400,13,,6:49:57, GA1.2.155992446.155898530,144.79.43.193,
401,77,31,6:01:20, GA1.2.155015846.155400127,90.36.175.132,
402,13,,14:25:35, GA1.2.155008660.155358628,223.165.166.32,
403,58,10,4:29:21, GA1.2.155022703.155957382,22.216.86.158,
404,64,75,18:12:17, GA1.2.155151520.155299787,88.88.29.137,
405,33,,1:07:39, GA1.2.155747421.155728838,47.246.43.158,
406,86,16,7:14:16, GA1.2.155659391.155532604,10.226.195.184,
407,87,9,14:06:42, GA1.2.155835283.155733907,74.107.39.172,
408,82,13,4:40:24, GA1.2.155750256.155494321,122.1.13.41,
409,43,57,15:45:54, GA1.2.155191547.155267499,144.85.61.160,
410,24,43,18:41:26, GA1.2.155986841.155142126,178.19.28.96,
411,105,92,17:39:10, GA1.2.155653861.155848838,168.254.84.171,
412,4,87,12:34:51, GA1.2.155990354.155095432,68.237.170.25,
413,20,44,16:50:31, GA1.2.155852948.155677209,164.142.93.64,
414,24,37,21:25:09, GA1.2.155763831.155085068,117.106.39.127,
415,14,17,16:00:16, GA1.2.155267561.155174304,52.208.158.86,eiacovobi@networkadvertising.org
416,67,94,10:42:47, GA1.2.155022521.155424882,176.17.126.213,
417,97,,14:24:23, GA1.2.155846323.155319849,163.188.195.13,
418,14,66,3:43:48, GA1.2.155244253.155329451,193.178.154.82,
419,57,31,5:09:16, GA1.2.155484721.155442480,199.167.123.1,
420,93,10,22:17:58, GA1.2.155596996.155166326,94.235.207.162,
421,46,,4:01:11, GA1.2.155733614.155180797,21.61.156.155,
422,36,58,17:55:17, GA1.2.155049783.155442130,154.86.60.160,
423,78,61,4:18:40, GA1.2.155198207.155548251,89.22.89.42,
424,74,10,6:36:32, GA1.2.155804843.155570582,201.239.173.6,
425,27,44,2:32:38, GA1.2.155971373.155829960,53.129.52.105,
426,90,27,8:20:27, GA1.2.155228314.155328261,158.243.40.125,
427,4,65,14:38:51, GA1.2.155495340.155017785,105.250.192.120,
428,100,32,6:56:00, GA1.2.155324268.155907422,234.150.205.39,
429,10,33,19:24:10, GA1.2.155718727.155588759,33.157.154.110,
430,66,73,22:25:52, GA1.2.155386569.155409997,131.241.234.62,
431,113,56,16:52:46, GA1.2.155640024.155034140,223.5.159.249,
432,87,52,16:02:50, GA1.2.155342894.155088436,162.247.147.118,
433,25,64,18:17:01, GA1.2.155238941.155715934,187.112.79.173,
434,,34,15:21:53, GA1.2.155781063.155497759,156.150.98.169,
435,54,41,3:42:48, GA1.2.155250977.155540266,186.112.102.140,
436,42,48,13:59:48, GA1.2.155263602.155772688,245.56.233.171,
437,115,85,8:43:33, GA1.2.155430860.155073106,147.175.90.185,
438,21,61,22:26:28, GA1.2.155520111.155733926,78.109.119.92,
439,67,68,18:36:03, GA1.2.155964053.155314945,34.154.113.134,jdannellc6@csmonitor.com
440,28,87,3:42:13, GA1.2.155440104.155671441,127.18.106.169,
441,,66,14:29:58, GA1.2.155440754.155797827,72.27.106.143,
442,75,100,20:33:55, GA1.2.155771764.155593626,6.9.229.141,
443,63,26,6:34:40, GA1.2.155142622.155534594,163.245.66.60,
444,73,31,0:54:12, GA1.2.155653124.155306196,77.230.27.197,
445,11,,3:24:35, GA1.2.155757970.155093184,60.193.85.111,bhaconcc@constantcontact.com
446,67,98,9:30:07, GA1.2.155468562.155943699,108.202.73.27,
447,110,6,19:50:27, GA1.2.155560081.155264046,44.89.65.47,
448,38,29,14:17:53, GA1.2.155432879.155565673,49.73.249.137,
449,100,35,23:44:11, GA1.2.155332932.155307769,190.44.178.150,aclifftcg@tripadvisor.com
450,37,24,2:27:44, GA1.2.155366139.155987910,247.231.65.186,
451,49,84,, GA1.2.155176931.155697348,147.41.151.109,
452,56,4,5:38:09, GA1.2.155972072.155132788,18.120.11.206,
453,45,54,0:30:36, GA1.2.155516981.155391449,133.128.181.185,
454,60,,5:56:53, GA1.2.155720457.155515248,13.125.11.145,
455,43,8,20:00:14, GA1.2.155208919.155143931,98.186.209.183,
456,48,49,12:07:59, GA1.2.155362971.155222570,240.31.1.171,wsawfordecn@google.pl
457,,28,15:13:16, GA1.2.155148680.155896624,27.152.110.145,cmcgiffordco@accuweather.com
458,80,78,1:51:01, GA1.2.155799448.155500829,171.201.187.84,
459,8,58,14:47:49, GA1.2.155436186.155298750,208.124.25.68,
460,7,49,23:09:38, GA1.2.155707022.155345604,152.115.126.239,
461,123,38,0:04:51, GA1.2.155915193.155781749,0.10.24.118,
462,119,,17:17:08, GA1.2.155596164.155595741,192.220.224.211,
463,121,74,23:15:45, GA1.2.155197015.155636162,104.58.129.126,
464,68,,12:03:05, GA1.2.155791504.155823615,247.197.22.196,
465,81,52,12:51:44, GA1.2.155252229.155555699,161.210.237.70,
466,80,90,12:03:16, GA1.2.155216400.155673682,27.71.180.75,
467,102,21,6:55:37, GA1.2.155269781.155234915,47.228.196.220,
468,44,,12:08:06, GA1.2.155866806.155981506,111.216.200.249,
469,,66,16:09:35, GA1.2.155503833.155851708,216.78.88.237,
470,1,62,11:35:04, GA1.2.155060085.155331383,134.65.144.74,
471,4,64,18:57:58, GA1.2.155223493.155000937,51.174.33.48,
472,7,91,2:10:37, GA1.2.155619823.155001088,190.67.86.159,
473,17,81,3:41:08, GA1.2.155019200.155042471,233.12.251.185,
474,108,62,17:51:34, GA1.2.155929758.155196219,251.92.144.179,
475,96,39,0:43:37, GA1.2.155478337.155917151,236.1.55.8,
476,83,87,10:45:30, GA1.2.155238163.155275897,63.162.17.248,
477,52,26,6:00:40, GA1.2.155378473.155212473,159.83.225.235,
478,61,91,16:53:15, GA1.2.155852974.155650385,93.69.73.195,
479,40,71,0:48:35, GA1.2.155189073.155078380,169.3.85.191,
480,50,87,7:38:12, GA1.2.155761008.155371598,20.71.210.250,
481,38,1,23:48:43, GA1.2.155648417.155866454,199.184.44.227,
482,89,38,14:32:05, GA1.2.155518036.155637523,245.1.193.255,
483,96,,23:16:59, GA1.2.155219362.155000758,182.3.94.125,
484,39,82,21:27:31, GA1.2.155563461.155472729,204.3.79.154,
485,59,48,16:54:41, GA1.2.155288122.155306266,163.104.249.8,
486,,91,, GA1.2.155631234.155622360,206.69.248.155,
487,115,87,23:00:39, GA1.2.155311702.155067038,158.22.228.71,mcastellettodi@ucla.edu
488,56,26,19:57:15, GA1.2.155748163.155641961,217.22.14.103,tnerhenydj@bigcartel.com
489,,12,22:12:19, GA1.2.155026177.155264641,191.211.119.54,
490,68,5,17:08:11, GA1.2.155793647.155747641,228.136.146.248,
491,89,39,17:18:29, GA1.2.155212309.155370560,91.207.162.224,
492,73,100,21:52:52, GA1.2.155862376.155245218,226.30.26.86,
493,10,22,16:04:46, GA1.2.155970459.155904894,51.212.247.240,
494,108,13,7:13:53, GA1.2.155465048.155540069,235.164.143.58,
495,,18,, GA1.2.155396798.155502007,144.12.2.29,
496,8,75,23:24:44, GA1.2.155840258.155422517,64.225.169.33,
497,,46,13:25:44, GA1.2.155330453.155061448,102.100.46.253,
498,30,75,2:49:26, GA1.2.155290992.155108508,88.24.223.225,
499,36,89,21:45:29, GA1.2.155658903.155019325,28.166.104.69,
500,1,55,21:42:31, GA1.2.155958820.155925705,138.149.242.165,
501,56,81,5:05:02, GA1.2.155718845.155805966,118.232.87.46,bfairbearddw@sciencedaily.com
502,122,83,2:05:38, GA1.2.155949420.155649224,49.186.103.54,
503,58,72,2:11:42, GA1.2.155905209.155168007,124.104.35.25,
504,122,52,4:59:16, GA1.2.155417203.155617538,111.172.208.153,
505,30,,18:44:48, GA1.2.155141682.155902156,128.213.111.67,
506,92,58,16:12:44, GA1.2.155986378.155660017,8.255.60.60,
507,109,20,23:02:04, GA1.2.155800699.155912202,33.73.123.76,
508,21,84,13:04:03, GA1.2.155691070.155247197,215.207.211.103,
509,93,,12:37:06, GA1.2.155800329.155305580,156.37.241.164,
510,28,67,2:07:53, GA1.2.155845880.155736856,117.204.36.122,
511,61,50,22:43:13, GA1.2.155323125.155235124,166.197.225.15,
512,,19,23:34:24, GA1.2.155203532.155821840,163.137.74.3,
513,30,34,14:05:27, GA1.2.155333422.155371413,110.85.73.147,
514,109,57,22:59:06, GA1.2.155418840.155776165,106.75.84.225,
515,61,10,20:12:52, GA1.2.155096143.155827656,27.97.27.242,
516,22,63,18:06:13, GA1.2.155212194.155159693,188.157.36.130,
517,57,65,0:32:33, GA1.2.155765169.155842148,171.227.215.205,
518,82,5,2:26:23, GA1.2.155363222.155939133,29.207.13.196,
519,61,2,3:14:17, GA1.2.155064075.155899100,148.195.102.165,
520,97,80,, GA1.2.155901129.155721506,54.157.177.124,cdilgeref@yandex.ru
521,27,34,12:51:20, GA1.2.155947280.155348227,140.136.128.132,
522,56,86,12:32:31, GA1.2.155828381.155119168,64.97.55.156,
523,52,39,1:53:22, GA1.2.155565196.155047325,11.94.80.128,
524,27,57,13:07:23, GA1.2.155698588.155183660,149.29.29.118,
525,5,93,14:24:10, GA1.2.155962634.155541302,206.104.60.70,
526,28,,10:53:53, GA1.2.155994482.155658717,219.254.244.112,
527,19,39,11:04:22, GA1.2.155532307.155383741,224.88.45.41,
528,101,71,17:25:13, GA1.2.155456945.155146313,190.129.28.180,
529,66,27,23:43:27, GA1.2.155280029.155419396,115.82.154.194,
530,,99,17:27:20, GA1.2.155146039.155823426,71.177.195.105,
531,61,42,9:53:18, GA1.2.155598766.155142377,156.158.157.225,lraggleseq@sogou.com
532,1,21,12:06:07, GA1.2.155772659.155291836,23.225.76.253,
533,2,71,2:23:24, GA1.2.155579058.155192948,222.230.89.181,
534,41,10,1:13:06, GA1.2.155293032.155608918,154.156.249.212,
535,9,42,11:19:27, GA1.2.155747555.155649580,81.59.137.111,pbarryeu@ezinearticles.com
536,26,84,19:46:56, GA1.2.155347201.155202263,137.68.146.88,
537,7,64,13:33:31, GA1.2.155244317.155633340,183.225.234.237,
538,,38,0:59:11, GA1.2.155477329.155059585,220.105.106.69,
539,115,12,4:29:27, GA1.2.155952833.155449325,76.173.251.17,
540,15,83,1:51:05, GA1.2.155229693.155599998,5.22.184.139,
541,18,75,20:06:15, GA1.2.155957861.155964864,112.238.175.20,
542,34,75,23:06:30, GA1.2.155297757.155410137,51.9.38.251,
543,,72,3:10:39, GA1.2.155307587.155697791,236.70.197.206,
544,37,2,2:18:19, GA1.2.155880349.155039732,190.207.126.12,kmotef3@kickstarter.com
545,31,47,13:59:26, GA1.2.155634204.155995658,252.194.160.47,
546,113,74,17:33:40, GA1.2.155088446.155886660,113.70.170.87,
547,104,13,3:52:08, GA1.2.155432239.155700786,19.199.165.92,
548,116,9,15:38:48, GA1.2.155874367.155943623,220.65.13.201,
549,14,65,21:00:03, GA1.2.155782698.155931178,37.95.245.138,
550,65,20,17:06:58, GA1.2.155369408.155893776,77.38.219.219,
551,14,50,8:50:38, GA1.2.155413109.155628785,96.46.244.35,
552,50,2,18:46:44, GA1.2.155202647.155111198,121.16.15.52,
553,47,96,21:41:38, GA1.2.155201320.155942564,31.251.143.59,
554,,54,17:50:23, GA1.2.155498424.155830337,39.188.86.115,
555,60,17,8:41:40, GA1.2.155259957.155721206,44.30.17.183,
556,22,17,11:51:43, GA1.2.155436890.155317192,133.180.165.13,
557,62,7,18:48:24, GA1.2.155057194.155506264,24.123.100.252,
558,92,43,20:19:42, GA1.2.155875049.155390853,118.172.170.81,
559,92,33,20:57:47, GA1.2.155110384.155076769,142.217.50.186,sgiacopellofi@privacy.gov.au
560,74,36,22:00:05, GA1.2.155786377.155346877,187.63.25.113,
561,82,47,0:43:31, GA1.2.155568845.155780996,162.18.60.40,
562,,4,6:09:57, GA1.2.155769762.155583291,142.68.78.124,
563,86,,5:32:43, GA1.2.155500986.155115472,161.251.167.193,
564,104,100,19:40:06, GA1.2.155029826.155066647,200.56.94.188,
565,110,25,19:37:58, GA1.2.155665080.155139027,113.79.54.175,
566,99,40,21:34:05, GA1.2.155307464.155946082,160.219.247.154,
567,95,85,13:26:14, GA1.2.155445275.155743963,204.82.12.84,
568,110,53,10:19:00, GA1.2.155493554.155576290,224.50.208.174,
569,39,100,12:50:19, GA1.2.155876168.155974641,124.201.212.183,
570,122,,23:08:51, GA1.2.155757500.155349671,49.250.34.252,
571,,,20:23:36, GA1.2.155900388.155031016,138.19.6.48,astollenfu@xrea.com
572,121,21,7:18:00, GA1.2.155857817.155739045,224.9.188.168,
573,19,82,2:40:22, GA1.2.155635868.155755555,26.201.218.159,
574,106,95,18:12:38, GA1.2.155314501.155033927,3.240.180.228,
575,13,27,21:18:46, GA1.2.155116403.155030695,59.107.0.12,
576,32,17,8:20:42, GA1.2.155409250.155658551,6.77.126.217,
577,51,1,7:37:42, GA1.2.155203211.155823279,169.148.48.79,
578,85,36,22:57:15, GA1.2.155977770.155057598,58.192.34.152,
579,105,4,19:56:25, GA1.2.155469673.155554092,106.207.180.194,
580,52,,21:55:36, GA1.2.155856800.155875934,30.4.85.227,pmcgonigalg3@spotify.com
581,,7,7:55:09, GA1.2.155462125.155631918,93.157.223.178,
582,66,39,4:58:33, GA1.2.155592532.155328094,106.253.222.163,
583,59,21,16:12:55, GA1.2.155932965.155817261,50.112.179.6,cvondracekg6@yolasite.com
584,89,95,12:50:24, GA1.2.155847953.155676417,135.101.11.5,kkeadyg7@google.it
585,75,66,20:31:13, GA1.2.155379028.155221822,131.181.25.208,
586,123,8,20:21:15, GA1.2.155553463.155698766,57.210.176.178,
587,18,13,10:00:54, GA1.2.155622384.155831698,150.253.55.116,
588,72,36,19:19:48, GA1.2.155383808.155078924,246.40.107.181,
589,49,63,22:23:56, GA1.2.155896047.155468846,169.70.156.165,
590,118,42,22:21:47, GA1.2.155912707.155926841,31.184.222.36,
591,85,22,22:11:11, GA1.2.155510383.155815475,145.151.219.188,
592,34,41,23:28:52, GA1.2.155879314.155497107,139.45.151.36,
593,82,60,20:37:32, GA1.2.155129258.155250373,214.195.160.45,
594,73,95,17:46:53, GA1.2.155767792.155761168,109.236.170.182,
595,58,74,, GA1.2.155854806.155139485,90.19.161.204,
596,91,90,9:09:09, GA1.2.155573962.155069122,199.123.110.98,
597,38,76,6:13:28, GA1.2.155911411.155321446,207.137.236.175,
598,86,,15:40:44, GA1.2.155830366.155418745,145.221.192.109,
599,79,,7:47:04, GA1.2.155126820.155893015,50.160.185.56,
600,56,6,, GA1.2.155935832.155709435,158.118.147.28,
601,66,16,17:14:39, GA1.2.155777372.155461711,100.191.141.157,
602,58,30,20:11:55, GA1.2.155031666.155953826,129.170.64.213,
603,38,36,2:02:07, GA1.2.155727060.155937052,198.169.179.165,
604,25,57,14:27:53, GA1.2.155158698.155585234,250.121.96.84,
605,58,7,16:02:26, GA1.2.155997284.155471503,10.20.105.93,
606,94,,18:35:28, GA1.2.155182227.155598188,110.87.57.205,awimpgt@nih.gov
607,94,74,1:14:36, GA1.2.155203926.155758186,62.239.98.113,
608,14,,11:49:02, GA1.2.155042179.155495843,162.106.166.116,
609,20,43,23:05:16, GA1.2.155526978.155108375,211.73.157.141,
610,23,60,1:59:51, GA1.2.155402706.155648396,136.190.242.171,
611,90,38,0:22:18, GA1.2.155247047.155461424,228.38.49.157,wwinstonegy@mapy.cz
612,64,17,10:31:10, GA1.2.155355129.155486418,52.90.241.169,
613,103,15,0:38:02, GA1.2.155555867.155978189,130.170.228.35,rspurdenh0@ycombinator.com
614,14,71,20:38:48, GA1.2.155971317.155367179,191.184.191.93,
615,84,17,5:25:18, GA1.2.155268233.155411058,228.230.72.62,
616,13,22,23:26:24, GA1.2.155882938.155177153,214.121.163.122,
617,78,88,11:05:42, GA1.2.155162845.155391865,135.6.202.212,
618,23,5,15:18:50, GA1.2.155168826.155661003,173.198.7.200,jmongeth5@blogtalkradio.com
619,13,34,11:37:13, GA1.2.155482642.155570880,82.111.128.115,
620,116,66,17:21:19, GA1.2.155908016.155313151,80.6.16.131,
621,2,56,15:46:53, GA1.2.155987703.155632785,88.125.27.193,
622,122,66,22:56:36, GA1.2.155967692.155835603,4.90.159.124,
623,63,9,18:43:42, GA1.2.155021379.155091043,212.144.48.100,ehaycockha@wired.com
624,39,24,12:37:16, GA1.2.155724807.155375311,20.11.86.209,
625,33,48,8:26:58, GA1.2.155224640.155646945,112.115.81.6,
626,,26,14:14:01, GA1.2.155232601.155838552,196.139.95.60,
627,74,18,6:38:41, GA1.2.155158820.155248845,103.45.52.214,
628,70,83,0:55:41, GA1.2.155570976.155645115,229.59.141.66,
629,123,99,6:03:09, GA1.2.155823398.155683281,186.56.139.23,
630,80,89,8:49:34, GA1.2.155266485.155110371,172.62.43.174,
631,100,27,19:45:15, GA1.2.155282891.155260772,167.10.255.0,
632,36,12,0:47:33, GA1.2.155939616.155222174,56.120.95.89,
633,9,45,23:46:44, GA1.2.155460547.155156155,117.138.61.126,
634,117,36,2:14:09, GA1.2.155504606.155174404,48.138.13.11,
635,8,8,15:34:08, GA1.2.155956128.155106785,37.191.82.86,
636,5,52,11:45:11, GA1.2.155913050.155187517,202.223.185.173,
637,61,87,15:24:23, GA1.2.155607880.155195952,11.122.128.217,
638,112,93,7:47:55, GA1.2.155125852.155322869,16.0.47.146,
639,113,78,19:40:21, GA1.2.155396887.155294425,64.103.168.168,
640,121,45,21:44:29, GA1.2.155777767.155835272,179.85.109.223,
641,75,69,6:05:39, GA1.2.155500620.155178818,5.255.114.116,
642,75,,, GA1.2.155675398.155488801,237.3.18.37,
643,99,76,14:08:59, GA1.2.155140232.155455820,25.135.186.96,
644,94,68,, GA1.2.155279838.155683585,180.128.144.123,
645,22,89,18:49:07, GA1.2.155011954.155888551,117.244.164.64,
646,118,92,19:57:14, GA1.2.155948346.155878746,154.142.7.224,gvernazzahx@berkeley.edu
647,18,,23:57:11, GA1.2.155876513.155401049,76.2.38.94,
648,94,39,10:19:51, GA1.2.155053404.155620066,174.1.90.47,
649,114,45,6:24:54, GA1.2.155456601.155130352,112.92.250.179,
650,67,33,9:26:20, GA1.2.155533816.155407934,208.115.230.203,
651,26,18,9:36:32, GA1.2.155763437.155331278,131.44.144.228,
652,55,89,16:13:11, GA1.2.155676773.155684581,205.252.151.103,
653,55,18,13:30:19, GA1.2.155914888.155644629,123.18.73.12,
654,96,75,1:31:12, GA1.2.155212679.155177797,76.51.70.204,
655,28,36,0:18:27, GA1.2.155597319.155621987,97.173.41.209,
656,108,2,1:50:30, GA1.2.155302616.155402650,206.208.203.239,
657,26,89,17:01:06, GA1.2.155488187.155034492,182.4.72.150,
658,61,98,21:44:36, GA1.2.155752266.155164987,165.217.195.247,
659,17,23,2:34:42, GA1.2.155531801.155170616,190.189.77.208,jwartnabyia@blogtalkradio.com
660,14,72,3:31:04, GA1.2.155267801.155888514,13.150.56.44,
661,90,24,8:50:00, GA1.2.155388274.155650808,192.185.173.95,
662,17,2,20:38:24, GA1.2.155471116.155571417,144.20.254.229,
663,33,32,6:08:09, GA1.2.155501620.155455256,190.142.1.142,
664,54,96,1:20:13, GA1.2.155609049.155187207,218.35.161.5,
665,72,41,16:08:02, GA1.2.155634324.155200146,92.229.29.115,ejemmettig@imgur.com
666,117,72,6:59:12, GA1.2.155302417.155390383,14.129.135.92,
667,39,80,5:21:13, GA1.2.155395936.155205085,249.149.250.37,
668,120,69,16:35:54, GA1.2.155575945.155874819,40.157.203.64,
669,103,29,8:23:48, GA1.2.155609606.155785386,200.125.225.208,
670,4,67,, GA1.2.155834667.155679344,17.104.210.144,
671,6,28,16:55:01, GA1.2.155445797.155141007,59.130.0.24,
672,89,60,23:58:57, GA1.2.155499925.155456309,26.28.235.88,
673,99,53,2:24:40, GA1.2.155535246.155547779,153.75.141.166,
674,18,15,22:58:57, GA1.2.155437173.155488285,141.168.13.6,
675,110,,19:54:18, GA1.2.155380992.155355923,46.90.202.220,
676,117,,21:38:08, GA1.2.155704140.155737048,211.210.222.67,
677,74,69,13:34:09, GA1.2.155718191.155729021,19.224.244.14,
678,99,8,16:53:51, GA1.2.155702095.155378317,162.188.69.22,
679,95,25,19:06:04, GA1.2.155181141.155810949,129.119.144.128,
680,119,56,9:03:17, GA1.2.155958937.155924965,168.46.199.25,
681,110,98,22:25:03, GA1.2.155805297.155529825,95.159.19.136,
682,64,,19:24:29, GA1.2.155902082.155821603,59.32.130.8,
683,62,13,11:09:15, GA1.2.155297314.155029675,85.204.168.76,
684,8,29,8:50:15, GA1.2.155898909.155889419,198.40.40.33,
685,53,44,11:33:17, GA1.2.155223209.155679977,190.33.39.79,riglesiaj0@epa.gov
686,115,85,20:51:22, GA1.2.155618066.155763341,250.29.2.88,
687,107,66,17:50:19, GA1.2.155762731.155773090,102.122.235.35,
688,61,26,8:32:34, GA1.2.155255047.155261440,79.13.238.237,pfowleyj3@earthlink.net
689,82,36,0:24:34, GA1.2.155617874.155952163,217.43.5.247,
690,93,94,1:29:38, GA1.2.155053770.155777282,63.235.211.156,
691,73,9,22:43:46, GA1.2.155812534.155393467,169.120.63.28,
692,107,67,7:57:46, GA1.2.155594614.155767615,82.166.150.52,
693,77,42,0:50:43, GA1.2.155193878.155923260,123.235.43.108,
694,75,14,15:22:33, GA1.2.155013317.155714714,222.221.144.192,kraimanj9@cafepress.com
695,7,50,3:21:57, GA1.2.155830486.155537025,107.226.29.52,
696,87,7,22:11:22, GA1.2.155344448.155135779,233.88.38.39,
697,43,62,20:28:55, GA1.2.155089668.155722129,84.182.207.40,
698,17,27,9:22:17, GA1.2.155435452.155890696,148.14.147.213,bvanvuurenjd@posterous.com
699,110,77,1:29:35, GA1.2.155062747.155094006,83.235.183.90,
700,113,1,18:07:11, GA1.2.155663587.155875739,229.214.250.36,
701,106,92,7:22:23, GA1.2.155820490.155014731,214.78.143.233,
702,51,77,9:06:53, GA1.2.155096167.155015753,134.187.39.207,
703,11,9,18:52:08, GA1.2.155213227.155945062,9.72.41.64,
704,21,,2:16:03, GA1.2.155582640.155491361,253.36.145.219,
705,44,98,14:26:54, GA1.2.155458002.155192153,250.2.228.102,
706,81,59,22:54:18, GA1.2.155676394.155001249,194.10.213.56,
707,67,20,20:13:35, GA1.2.155053881.155711266,100.108.195.130,
708,12,33,10:35:25, GA1.2.155630803.155532520,215.169.137.220,
709,82,47,1:59:44, GA1.2.155712648.155910036,70.219.132.254,pmclucasjo@fotki.com
710,105,61,5:31:17, GA1.2.155783498.155007903,90.98.85.152,
711,109,89,20:21:01, GA1.2.155470798.155949153,71.39.129.20,
712,77,,17:11:45, GA1.2.155744845.155828488,27.115.219.216,
713,71,55,9:40:56, GA1.2.155489010.155858340,113.46.58.241,elekeuxjs@reverbnation.com
714,32,,2:05:29, GA1.2.155670694.155489212,33.101.59.228,
715,24,90,7:01:03, GA1.2.155101078.155733435,100.125.190.6,
716,39,2,19:13:47, GA1.2.155271610.155227474,118.210.160.97,bmarriottjv@usatoday.com
717,14,7,5:26:02, GA1.2.155146095.155555770,129.178.225.67,
718,12,46,19:29:51, GA1.2.155167859.155123924,80.32.169.26,
719,64,64,18:17:13, GA1.2.155774149.155137550,156.215.241.45,
720,35,91,5:35:32, GA1.2.155122885.155998085,59.8.173.119,
721,59,,20:05:47, GA1.2.155578159.155738491,53.232.129.64,
722,67,30,16:32:54, GA1.2.155851270.155771832,184.80.58.27,
723,27,29,23:12:58, GA1.2.155813245.155545150,217.52.174.168,
724,115,96,16:03:56, GA1.2.155554105.155839390,211.40.56.199,ciresonk3@hc360.com
725,98,61,16:53:32, GA1.2.155230014.155067393,250.84.102.46,
726,112,37,1:32:00, GA1.2.155482741.155795078,143.234.153.224,
727,80,13,16:57:07, GA1.2.155510767.155184879,12.209.236.236,pniesegenk6@gizmodo.com
728,68,74,7:09:46, GA1.2.155905996.155057247,172.38.197.206,nemanulssonk7@businessinsider.com
729,30,52,10:52:55, GA1.2.155966770.155303898,202.159.23.198,
730,9,97,15:20:48, GA1.2.155442104.155363645,106.136.147.169,phorleyk9@loc.gov
731,,41,20:39:51, GA1.2.155750922.155469937,141.163.102.200,
732,56,64,9:59:28, GA1.2.155903904.155515316,109.125.237.109,
733,64,84,10:10:53, GA1.2.155429722.155504832,25.182.50.43,
734,120,7,6:24:11, GA1.2.155287663.155249848,111.152.109.130,
735,69,33,2:37:01, GA1.2.155065968.155298158,2.185.34.35,
736,39,68,, GA1.2.155380658.155751150,70.39.85.130,
737,29,92,10:51:13, GA1.2.155036780.155987173,11.150.169.143,
738,78,88,22:41:22, GA1.2.155765506.155832042,203.20.53.63,
739,91,67,4:23:38, GA1.2.155634172.155301443,85.74.179.46,
740,96,100,21:31:42, GA1.2.155247503.155342554,32.22.222.114,
741,106,49,4:25:41, GA1.2.155047679.155976080,88.155.111.196,
742,34,37,5:10:03, GA1.2.155511507.155271542,114.143.111.45,
743,88,46,8:39:34, GA1.2.155795832.155065088,67.114.152.196,
744,115,59,4:21:55, GA1.2.155799770.155328007,242.98.65.244,
745,65,89,16:18:53, GA1.2.155908020.155304672,74.9.106.9,
746,106,71,2:01:39, GA1.2.155983295.155895991,18.78.239.8,
747,85,96,12:44:14, GA1.2.155570828.155608666,102.215.147.31,
748,86,18,12:40:22, GA1.2.155123007.155608536,86.37.102.89,
749,37,39,7:19:53, GA1.2.155645159.155748049,187.43.197.36,
750,116,27,21:36:43, GA1.2.155856316.155346080,76.175.204.173,
751,,60,15:22:19, GA1.2.155876760.155710877,9.232.177.85,
752,85,22,22:17:45, GA1.2.155666670.155505277,173.34.176.53,
753,3,9,15:01:42, GA1.2.155802188.155058365,167.194.107.115,
754,56,,22:19:12, GA1.2.155897739.155444976,3.107.252.228,
755,1,73,7:23:19, GA1.2.155421808.155989349,124.192.84.178,
756,,1,, GA1.2.155562881.155290874,218.117.9.159,prameletkz@ebay.com
757,10,46,22:05:40, GA1.2.155849873.155080824,200.105.54.140,
758,108,83,16:20:45, GA1.2.155962484.155246226,8.50.215.75,
759,,7,1:04:03, GA1.2.155643146.155417117,35.180.105.96,
760,20,45,23:15:27, GA1.2.155103606.155476163,126.185.4.34,
761,9,16,15:54:31, GA1.2.155577983.155594252,239.160.156.32,
762,35,,10:48:55, GA1.2.155102102.155236609,214.230.116.78,
763,88,44,15:04:10, GA1.2.155746400.155422165,177.190.105.70,
764,104,43,, GA1.2.155183593.155599512,205.58.135.28,
765,55,56,9:25:10, GA1.2.155943410.155844932,25.174.76.215,
766,68,27,19:46:26, GA1.2.155097547.155179762,66.117.206.170,
767,83,18,10:06:25, GA1.2.155742713.155522715,191.126.220.81,
768,,99,12:54:20, GA1.2.155840637.155144290,131.116.107.4,
769,110,87,8:52:25, GA1.2.155565531.155504489,164.250.249.60,
770,48,12,22:59:09, GA1.2.155830063.155472672,47.107.100.50,
771,57,98,15:49:52, GA1.2.155849658.155682562,178.246.189.219,
772,86,50,21:59:36, GA1.2.155840924.155051221,1.148.132.230,
773,42,31,8:26:52, GA1.2.155040510.155454837,99.193.250.137,
774,,96,1:29:14, GA1.2.155850535.155258361,237.5.40.180,bpatrylh@merriam-webster.com
775,11,64,13:32:25, GA1.2.155922573.155986481,144.172.109.42,
776,63,5,2:41:48, GA1.2.155599293.155900359,160.43.214.82,mlyptradelj@si.edu
777,16,25,18:54:49, GA1.2.155350057.155943254,63.88.218.119,
778,77,9,4:21:34, GA1.2.155547904.155053147,231.56.129.192,
779,19,89,16:48:30, GA1.2.155039483.155802611,93.217.26.40,
780,12,49,0:21:43, GA1.2.155143615.155528508,225.54.86.223,
781,56,98,22:44:33, GA1.2.155302934.155074496,22.56.134.122,
782,12,27,8:48:53, GA1.2.155780460.155747087,215.172.33.77,aausherlp@hao123.com
783,100,69,1:50:56, GA1.2.155670725.155887762,182.142.251.136,
784,63,55,23:51:30, GA1.2.155072495.155278282,99.228.103.87,
785,97,62,16:23:12, GA1.2.155806938.155556938,2.28.220.240,mmityashevls@weibo.com
786,6,20,4:58:29, GA1.2.155220442.155509821,170.87.185.2,
787,86,88,17:43:35, GA1.2.155189266.155067999,205.215.242.117,
788,14,62,6:59:56, GA1.2.155681861.155161601,197.104.92.117,
789,7,52,17:52:59, GA1.2.155069415.155699700,115.168.110.165,gfearonlw@utexas.edu
790,54,68,4:48:46, GA1.2.155408201.155849543,204.200.249.16,avasyutinlx@hubpages.com
791,109,51,11:59:01, GA1.2.155792682.155825835,144.61.4.22,
792,100,88,22:13:50, GA1.2.155292527.155347549,49.187.152.211,
793,111,71,0:25:32, GA1.2.155524159.155566124,207.113.135.124,
794,123,59,14:26:29, GA1.2.155152625.155896792,225.85.132.37,caprilm1@ycombinator.com
795,75,78,7:33:23, GA1.2.155204882.155199582,37.188.77.252,
796,80,24,18:03:27, GA1.2.155964737.155420572,10.153.124.98,
797,,,20:20:49, GA1.2.155776594.155947937,210.67.210.107,sharremam4@weebly.com
798,84,91,16:32:27, GA1.2.155603130.155708136,142.158.149.98,
799,104,71,18:46:22, GA1.2.155214672.155633194,180.40.30.95,zfergiem6@slate.com
800,,48,2:49:28, GA1.2.155125355.155744850,216.99.119.95,
801,108,90,0:20:08, GA1.2.155364684.155450596,195.237.234.85,ikirtlandm8@chron.com
802,86,78,0:36:36, GA1.2.155290404.155000205,50.133.126.3,ranthamm9@reverbnation.com
803,31,69,8:36:59, GA1.2.155384204.155935495,200.49.196.160,
804,11,19,5:46:32, GA1.2.155922976.155935850,174.99.169.31,
805,44,70,15:53:20, GA1.2.155640214.155461960,251.205.24.177,
806,,98,12:41:33, GA1.2.155102298.155832214,109.157.82.114,
807,105,4,23:10:55, GA1.2.155629825.155609304,183.222.23.157,
808,43,84,7:11:33, GA1.2.155389986.155360821,204.67.214.92,
809,51,71,0:58:36, GA1.2.155409273.155462206,3.44.163.83,ssteansonmg@amazon.co.uk
810,3,19,20:18:47, GA1.2.155389981.155162032,88.120.204.137,
811,92,18,7:02:03, GA1.2.155999380.155529168,151.125.210.51,hfaltinmi@google.cn
812,70,,9:13:55, GA1.2.155211747.155381542,52.153.88.86,
813,96,62,20:22:39, GA1.2.155843883.155917935,212.93.125.35,
814,71,,18:12:47, GA1.2.155101796.155752945,127.108.1.7,
815,31,59,2:06:57, GA1.2.155778162.155802144,233.219.203.105,
816,32,60,2:48:57, GA1.2.155435219.155585156,175.102.209.249,
817,103,91,23:21:09, GA1.2.155756557.155045625,79.1.53.42,
818,117,10,14:10:07, GA1.2.155284155.155662665,40.5.80.174,
819,95,7,16:59:02, GA1.2.155617308.155112643,124.247.157.174,
820,,14,17:16:48, GA1.2.155823567.155749592,85.8.3.170,
821,20,13,13:04:19, GA1.2.155083884.155765920,198.171.218.200,
822,58,72,, GA1.2.155478771.155338235,240.87.161.222,
823,123,32,10:06:50, GA1.2.155673380.155533171,187.118.177.214,
824,,54,2:29:36, GA1.2.155262063.155878783,236.182.224.128,
825,93,94,22:52:31, GA1.2.155303854.155245128,108.123.100.248,
826,,,4:06:36, GA1.2.155412761.155165567,223.140.101.88,
827,6,85,17:19:06, GA1.2.155464882.155209801,94.213.41.66,
828,103,83,5:30:52, GA1.2.155217491.155180435,104.71.114.55,
829,101,64,9:49:18, GA1.2.155536002.155545821,99.71.179.156,
830,10,8,4:30:43, GA1.2.155340884.155259998,71.216.67.97,
831,2,,17:48:18, GA1.2.155321299.155957393,113.151.34.11,rmatyukonn2@taobao.com
832,121,32,19:50:56, GA1.2.155416936.155694972,92.55.1.201,
833,88,49,4:25:57, GA1.2.155345773.155123479,227.71.82.111,lpechen4@stanford.edu
834,91,57,17:20:34, GA1.2.155330453.155196062,154.83.181.73,
835,73,15,9:45:31, GA1.2.155852057.155433740,48.213.117.83,
836,11,76,, GA1.2.155987048.155661538,183.202.133.7,eflindalln7@skype.com
837,7,88,13:36:07, GA1.2.155782126.155507541,214.50.186.24,
838,50,42,2:58:17, GA1.2.155912485.155156172,198.45.94.185,
839,123,5,23:14:05, GA1.2.155872105.155383572,234.200.161.162,
840,31,18,0:48:57, GA1.2.155602938.155877978,175.199.58.61,
841,58,54,17:27:07, GA1.2.155252057.155590163,254.153.236.24,
842,24,68,7:03:13, GA1.2.155391035.155363057,1.253.21.163,
843,101,71,10:58:03, GA1.2.155574760.155913504,102.7.219.211,
844,95,34,23:53:32, GA1.2.155809391.155503089,164.5.14.239,pbonhommenf@mit.edu
845,17,97,12:12:32, GA1.2.155810940.155459927,156.44.44.99,
846,82,29,23:01:29, GA1.2.155568558.155727116,3.51.109.1,
847,3,58,21:52:31, GA1.2.155532293.155662348,158.9.224.132,
848,51,92,1:39:37, GA1.2.155424944.155163452,5.214.203.222,
849,115,36,4:07:39, GA1.2.155800424.155427782,83.63.18.164,
850,31,27,3:42:27, GA1.2.155560362.155485607,57.180.239.85,
851,29,18,22:41:39, GA1.2.155671522.155664429,127.35.121.143,
852,75,24,21:01:10, GA1.2.155917650.155632439,81.211.109.147,
853,104,60,2:39:53, GA1.2.155772155.155741921,224.48.80.119,
854,20,5,8:30:14, GA1.2.155766266.155619674,125.127.162.88,
855,66,5,19:57:48, GA1.2.155957850.155126720,118.182.190.143,
856,89,40,14:22:21, GA1.2.155650009.155404109,182.123.21.0,
857,68,8,22:48:11, GA1.2.155020698.155173566,111.67.19.96,
858,101,30,11:18:41, GA1.2.155913557.155348769,143.209.199.23,
859,66,,15:11:22, GA1.2.155082756.155506556,7.135.139.121,
860,57,88,9:53:56, GA1.2.155145076.155373431,36.117.58.152,
861,112,70,4:40:25, GA1.2.155133952.155298031,91.137.97.84,
862,53,87,0:13:46, GA1.2.155209950.155024489,43.189.185.211,
863,23,38,5:19:55, GA1.2.155219993.155677762,14.6.3.184,
864,101,,22:53:12, GA1.2.155891399.155843968,83.153.89.155,
865,42,77,8:25:39, GA1.2.155757810.155949901,107.128.160.143,
866,114,,7:25:15, GA1.2.155778050.155180484,148.31.243.39,
867,14,95,23:11:27, GA1.2.155521165.155886015,247.231.244.227,
868,72,24,16:02:16, GA1.2.155703273.155283224,80.145.195.132,
869,49,50,18:47:19, GA1.2.155086134.155145053,237.131.207.212,
870,19,56,, GA1.2.155962984.155596545,228.162.250.20,
871,32,66,14:22:36, GA1.2.155465365.155763869,207.228.70.162,
872,112,31,7:06:03, GA1.2.155311378.155210042,181.179.143.170,
873,113,,23:30:01, GA1.2.155179238.155420651,229.87.45.59,
874,118,38,21:00:16, GA1.2.155181434.155774368,96.177.117.158,
875,33,,0:59:02, GA1.2.155280202.155811257,222.77.176.149,
876,28,78,18:54:23, GA1.2.155109994.155465239,211.15.69.41,
877,102,95,22:28:38, GA1.2.155679045.155903832,22.45.24.171,rkennefordoc@ezinearticles.com
878,11,56,21:24:31, GA1.2.155564040.155972069,119.36.16.213,
879,112,60,18:24:11, GA1.2.155089438.155080329,165.2.10.192,
880,18,,11:02:31, GA1.2.155116544.155421491,119.83.47.30,
881,,43,21:15:48, GA1.2.155122591.155353402,69.23.223.234,
882,90,27,15:40:30, GA1.2.155985532.155204124,33.105.137.70,
883,,90,7:34:27, GA1.2.155578204.155282931,96.17.149.20,
884,82,,7:44:51, GA1.2.155667544.155011993,206.24.85.105,
885,23,72,, GA1.2.155242449.155995520,97.17.157.205,
886,53,45,9:40:35, GA1.2.155365905.155735171,132.117.106.141,
887,16,74,17:33:47, GA1.2.155628787.155675080,221.97.220.102,
888,102,47,17:14:46, GA1.2.155451016.155459493,177.3.3.207,
889,61,69,4:17:29, GA1.2.155052956.155329819,225.153.221.104,
890,,57,5:08:47, GA1.2.155551893.155110507,147.110.213.190,
891,8,9,8:35:15, GA1.2.155851761.155679855,242.73.76.236,pkacheloq@lycos.com
892,68,12,1:01:24, GA1.2.155835134.155099728,16.78.27.10,
893,,44,6:36:51, GA1.2.155443132.155377683,64.44.217.62,
894,88,72,0:16:12, GA1.2.155400338.155298511,33.132.217.252,
895,65,95,22:39:21, GA1.2.155853196.155576964,107.38.139.251,
896,110,17,16:18:03, GA1.2.155369409.155690639,253.144.103.135,
897,75,,10:18:10, GA1.2.155288377.155789997,129.59.73.6,
898,95,7,22:24:16, GA1.2.155848643.155402073,248.166.159.25,dcogarox@washington.edu
899,67,18,19:07:54, GA1.2.155074055.155391832,57.55.237.130,
900,85,46,8:37:07, GA1.2.155456748.155127675,184.224.107.95,
901,15,58,5:54:20, GA1.2.155475202.155039802,50.190.196.142,
902,105,,0:29:05, GA1.2.155076134.155110232,214.107.60.204,
903,114,87,19:52:32, GA1.2.155462068.155506879,48.245.155.77,
904,34,48,4:42:11, GA1.2.155006668.155019366,29.106.75.209,
905,67,30,16:16:47, GA1.2.155482061.155263745,98.59.72.174,
906,45,90,3:06:53, GA1.2.155082860.155668191,238.231.195.120,
907,2,33,19:54:14, GA1.2.155670851.155680495,0.47.198.205,dsafep6@gravatar.com
908,113,26,7:40:45, GA1.2.155452403.155963246,106.177.109.218,
909,45,2,16:49:16, GA1.2.155421567.155570838,86.31.122.255,
910,6,33,6:49:25, GA1.2.155618272.155432766,118.143.50.164,
911,51,18,5:21:10, GA1.2.155281348.155664000,114.44.56.234,
912,,18,14:44:04, GA1.2.155923609.155600468,193.184.163.11,
913,99,56,4:14:52, GA1.2.155297344.155099225,142.64.98.108,
914,84,36,9:45:46, GA1.2.155274413.155711655,238.165.151.174,tsaylorpd@netlog.com
915,122,47,15:41:13, GA1.2.155137523.155479093,215.164.228.236,
916,,52,12:27:15, GA1.2.155849295.155263216,59.255.124.21,
917,51,50,3:46:03, GA1.2.155581133.155411415,222.67.141.65,
918,27,27,15:41:00, GA1.2.155719413.155253584,224.254.50.61,
919,24,31,6:27:26, GA1.2.155974232.155631877,36.97.116.139,
920,40,84,7:04:56, GA1.2.155437918.155784204,13.203.87.212,
921,116,72,21:09:47, GA1.2.155720048.155653909,1.18.90.19,
922,41,2,10:28:53, GA1.2.155151561.155109001,11.223.245.190,
923,82,,13:12:52, GA1.2.155926332.155705340,44.120.158.46,
924,39,95,6:05:44, GA1.2.155307130.155695449,41.64.211.47,
925,15,95,1:43:31, GA1.2.155701833.155681512,53.153.42.30,
926,90,9,2:25:15, GA1.2.155620856.155185926,7.108.148.252,
927,98,70,9:28:03, GA1.2.155331747.155489983,176.18.5.79,
928,108,88,7:01:18, GA1.2.155761232.155169047,213.215.235.239,sveaseypr@imageshack.us
929,41,75,21:05:22, GA1.2.155333848.155134516,111.32.168.228,
930,,90,0:58:44, GA1.2.155122317.155138131,15.4.207.114,
931,105,90,23:30:48, GA1.2.155898421.155837264,188.98.255.127,
932,,73,4:15:30, GA1.2.155722232.155323939,35.114.50.113,zpoyntzpv@51.la
933,47,45,6:45:02, GA1.2.155693432.155933179,235.95.209.221,
934,29,41,10:12:12, GA1.2.155413061.155580883,84.245.144.204,
935,111,27,8:52:42, GA1.2.155069342.155230258,122.161.56.156,
936,28,,16:43:12, GA1.2.155792171.155830773,58.211.53.3,
937,88,84,5:44:55, GA1.2.155599572.155439547,136.1.251.13,skelloughq0@unc.edu
938,94,,17:15:12, GA1.2.155476728.155661324,178.247.69.61,
939,9,97,13:37:46, GA1.2.155887508.155195150,92.104.66.5,
940,39,85,2:09:44, GA1.2.155855758.155156797,123.231.201.235,
941,114,15,18:18:24, GA1.2.155568470.155902333,234.193.170.219,
942,4,12,19:40:26, GA1.2.155938829.155961056,21.245.171.151,dgotchq5@myspace.com
943,34,24,13:44:05, GA1.2.155676181.155321967,235.232.49.193,
944,22,64,8:06:26, GA1.2.155922577.155968999,148.227.58.182,
945,34,38,14:42:35, GA1.2.155143553.155657399,148.192.52.165,
946,109,,11:49:34, GA1.2.155897471.155746255,179.238.93.83,
947,47,31,21:43:08, GA1.2.155222982.155378201,150.194.186.146,
948,120,59,4:14:16, GA1.2.155562304.155085197,1.85.246.74,
949,72,15,5:04:09, GA1.2.155265360.155028401,232.105.24.106,
950,,67,14:10:07, GA1.2.155741785.155921799,120.38.44.145,
951,103,95,15:15:32, GA1.2.155954141.155170612,8.96.232.61,
952,30,51,20:58:47, GA1.2.155815329.155710516,63.33.72.130,
953,26,57,12:31:12, GA1.2.155995308.155093362,8.170.236.138,
954,54,6,2:03:42, GA1.2.155405263.155869145,171.57.116.153,
955,64,6,0:19:21, GA1.2.155547811.155818298,175.48.79.202,ujancsoqi@wiley.com
956,96,18,5:12:24, GA1.2.155585271.155664016,247.68.53.217,
957,52,39,1:27:40, GA1.2.155837123.155881233,184.69.183.247,
958,117,34,3:45:04, GA1.2.155582413.155091668,124.189.128.81,
959,52,28,17:18:03, GA1.2.155518870.155675618,215.51.48.21,
960,40,2,8:23:44, GA1.2.155506395.155157456,253.34.24.91,
961,,64,11:03:02, GA1.2.155698046.155005283,198.226.118.71,
962,91,42,17:44:06, GA1.2.155096209.155422816,19.237.51.55,
963,74,42,1:52:46, GA1.2.155229085.155361642,23.185.154.165,
964,110,39,2:27:47, GA1.2.155467863.155044859,228.191.201.44,
965,72,25,16:47:57, GA1.2.155168597.155930849,132.168.30.13,
966,69,36,17:03:13, GA1.2.155913289.155577233,15.105.146.158,
967,99,18,, GA1.2.155492408.155211105,48.111.17.71,
968,3,33,9:37:30, GA1.2.155997645.155271601,122.131.34.151,
969,26,46,19:09:07, GA1.2.155401199.155876256,161.131.229.10,
970,10,73,8:48:03, GA1.2.155200126.155103776,133.103.62.21,
971,13,98,11:41:18, GA1.2.155837045.155707092,51.58.12.243,
972,60,54,, GA1.2.155244528.155309955,51.92.91.79,
973,3,67,17:40:33, GA1.2.155086594.155032047,192.8.53.188,
974,89,49,16:57:01, GA1.2.155110633.155487200,244.115.78.138,
975,90,86,9:23:58, GA1.2.155189084.155959159,157.51.247.187,
976,,7,14:56:41, GA1.2.155723413.155536216,41.96.245.222,
977,61,66,17:44:42, GA1.2.155062178.155759137,255.131.124.190,
978,57,90,17:25:15, GA1.2.155745487.155999296,51.125.189.142,
979,77,36,15:01:30, GA1.2.155925987.155656360,226.97.151.132,
980,29,88,23:38:49, GA1.2.155613374.155952955,83.190.0.179,
981,63,86,14:49:41, GA1.2.155994492.155211415,18.32.164.115,
982,62,74,0:14:00, GA1.2.155612476.155126369,46.89.176.190,
983,,84,6:42:37, GA1.2.155321371.155199998,124.0.73.55,
984,2,64,18:16:35, GA1.2.155390023.155356315,160.84.44.87,
985,115,30,1:14:40, GA1.2.155571340.155704841,47.18.182.140,
986,78,58,3:18:24, GA1.2.155834577.155827794,246.192.140.121,
987,33,51,3:19:38, GA1.2.155260634.155096632,6.165.120.203,
988,15,,12:16:19, GA1.2.155762594.155481082,221.79.101.179,
989,47,55,7:58:58, GA1.2.155188918.155027483,133.164.232.40,
990,40,92,5:31:15, GA1.2.155620362.155535634,142.19.205.36,
991,44,34,22:53:30, GA1.2.155610269.155446523,33.31.174.114,
992,45,58,11:37:00, GA1.2.155944628.155154823,147.215.122.61,
993,54,58,19:08:52, GA1.2.155953448.155680154,172.36.67.237,
994,114,12,0:24:44, GA1.2.155620739.155699798,220.230.252.111,
995,3,57,21:59:42, GA1.2.155808401.155128420,232.248.68.17,
996,95,77,, GA1.2.155917579.155543497,124.3.86.99,
997,,66,3:33:56, GA1.2.155051501.155311661,78.242.163.196,
998,65,94,23:28:50, GA1.2.155874811.155612962,245.236.74.132,
999,105,6,13:43:23, GA1.2.155527151.155927309,202.130.156.152,
1000,62,61,21:28:57, GA1.2.155254282.155438874,134.224.180.163,
